IMG_3510.MOV,1,fastaipose,v1,transition
IMG_3510.MOV,2,fastaipose,v1,transition
IMG_3510.MOV,3,fastaipose,v1,transition
IMG_3510.MOV,4,fastaipose,v1,transition
IMG_3510.MOV,5,fastaipose,v1,transition
IMG_3510.MOV,6,fastaipose,v1,transition
IMG_3510.MOV,7,fastaipose,v1,transition
IMG_3510.MOV,8,fastaipose,v1,transition
IMG_3510.MOV,9,fastaipose,v1,transition
IMG_3510.MOV,10,fastaipose,v1,transition
IMG_3510.MOV,11,fastaipose,v1,transition
IMG_3510.MOV,12,fastaipose,v1,transition
IMG_3510.MOV,13,fastaipose,v1,transition
IMG_3510.MOV,14,fastaipose,v1,transition
IMG_3510.MOV,15,fastaipose,v1,transition
IMG_3510.MOV,16,fastaipose,v1,transition
IMG_3510.MOV,17,fastaipose,v1,squat
IMG_3510.MOV,18,fastaipose,v1,squat
IMG_3510.MOV,19,fastaipose,v1,squat
IMG_3510.MOV,20,fastaipose,v1,squat
IMG_3510.MOV,21,fastaipose,v1,squat
IMG_3510.MOV,22,fastaipose,v1,transition
IMG_3510.MOV,23,fastaipose,v1,transition
IMG_3510.MOV,24,fastaipose,v1,transition
IMG_3510.MOV,25,fastaipose,v1,transition
IMG_3510.MOV,26,fastaipose,v1,transition
IMG_3510.MOV,27,fastaipose,v1,transition
IMG_3510.MOV,28,fastaipose,v1,transition
IMG_3510.MOV,29,fastaipose,v1,transition
IMG_3510.MOV,30,fastaipose,v1,transition
IMG_3510.MOV,31,fastaipose,v1,transition
IMG_3510.MOV,32,fastaipose,v1,transition
IMG_3510.MOV,33,fastaipose,v1,jump_peak
IMG_3510.MOV,34,fastaipose,v1,jump_peak
IMG_3510.MOV,35,fastaipose,v1,jump_peak
IMG_3510.MOV,36,fastaipose,v1,jump_peak
IMG_3510.MOV,37,fastaipose,v1,jump_peak
IMG_3510.MOV,38,fastaipose,v1,jump_peak
IMG_3510.MOV,39,fastaipose,v1,jump_peak
IMG_3510.MOV,40,fastaipose,v1,jump_peak
IMG_3510.MOV,41,fastaipose,v1,jump_peak
IMG_3510.MOV,42,fastaipose,v1,jump_peak
IMG_3510.MOV,43,fastaipose,v1,transition
IMG_3510.MOV,44,fastaipose,v1,transition
IMG_3510.MOV,45,fastaipose,v1,landing
IMG_3510.MOV,46,fastaipose,v1,landing
IMG_3510.MOV,47,fastaipose,v1,landing
IMG_3510.MOV,48,fastaipose,v1,landing
IMG_3510.MOV,49,fastaipose,v1,landing
IMG_3510.MOV,50,fastaipose,v1,landing
IMG_3510.MOV,51,fastaipose,v1,landing
IMG_3510.MOV,52,fastaipose,v1,landing
IMG_3510.MOV,53,fastaipose,v1,transition
IMG_3510.MOV,54,fastaipose,v1,transition
IMG_3510.MOV,55,fastaipose,v1,transition
IMG_3510.MOV,56,fastaipose,v1,squat
IMG_3510.MOV,57,fastaipose,v1,squat
IMG_3510.MOV,58,fastaipose,v1,squat
IMG_3510.MOV,59,fastaipose,v1,squat
IMG_3510.MOV,60,fastaipose,v1,squat
IMG_3510.MOV,61,fastaipose,v1,squat
IMG_3510.MOV,62,fastaipose,v1,squat
IMG_3510.MOV,63,fastaipose,v1,squat
IMG_3510.MOV,64,fastaipose,v1,squat
IMG_3510.MOV,65,fastaipose,v1,squat
IMG_3510.MOV,66,fastaipose,v1,transition
IMG_3510.MOV,67,fastaipose,v1,transition
IMG_3510.MOV,68,fastaipose,v1,transition
IMG_3510.MOV,69,fastaipose,v1,transition
IMG_3510.MOV,70,fastaipose,v1,transition
IMG_3510.MOV,71,fastaipose,v1,transition
IMG_3510.MOV,72,fastaipose,v1,transition
IMG_3510.MOV,73,fastaipose,v1,transition
IMG_3510.MOV,74,fastaipose,v1,transition
IMG_3510.MOV,75,fastaipose,v1,transition
IMG_3510.MOV,76,fastaipose,v1,transition
IMG_3510.MOV,77,fastaipose,v1,transition
IMG_3510.MOV,78,fastaipose,v1,transition
IMG_3510.MOV,79,fastaipose,v1,transition
IMG_3510.MOV,80,fastaipose,v1,transition
IMG_3510.MOV,81,fastaipose,v1,transition
IMG_3510.MOV,82,fastaipose,v1,transition
IMG_3510.MOV,83,fastaipose,v1,transition
IMG_3510.MOV,84,fastaipose,v1,transition
IMG_3510.MOV,85,fastaipose,v1,transition
IMG_3510.MOV,86,fastaipose,v1,transition
IMG_3510.MOV,87,fastaipose,v1,transition
IMG_3510.MOV,88,fastaipose,v1,transition
IMG_3510.MOV,89,fastaipose,v1,transition
IMG_3510.MOV,90,fastaipose,v1,transition
IMG_3510.MOV,91,fastaipose,v1,transition
IMG_3510.MOV,92,fastaipose,v1,transition
IMG_3510.MOV,93,fastaipose,v1,transition
IMG_3510.MOV,94,fastaipose,v1,transition
IMG_3510.MOV,95,fastaipose,v1,transition
IMG_3510.MOV,96,fastaipose,v1,transition
IMG_3510.MOV,97,fastaipose,v1,transition
IMG_3510.MOV,98,fastaipose,v1,transition
IMG_3510.MOV,99,fastaipose,v1,transition
IMG_3510.MOV,100,fastaipose,v1,transition
IMG_3510.MOV,101,fastaipose,v1,squat
IMG_3510.MOV,102,fastaipose,v1,squat
IMG_3510.MOV,103,fastaipose,v1,squat
IMG_3510.MOV,104,fastaipose,v1,squat
IMG_3510.MOV,105,fastaipose,v1,squat
IMG_3510.MOV,106,fastaipose,v1,transition
IMG_3510.MOV,107,fastaipose,v1,transition
IMG_3510.MOV,108,fastaipose,v1,transition
IMG_3510.MOV,109,fastaipose,v1,transition
IMG_3510.MOV,110,fastaipose,v1,transition
IMG_3510.MOV,111,fastaipose,v1,transition
IMG_3510.MOV,112,fastaipose,v1,transition
IMG_3510.MOV,113,fastaipose,v1,transition
IMG_3510.MOV,114,fastaipose,v1,transition
IMG_3510.MOV,115,fastaipose,v1,jump_peak
IMG_3510.MOV,116,fastaipose,v1,jump_peak
IMG_3510.MOV,117,fastaipose,v1,jump_peak
IMG_3510.MOV,118,fastaipose,v1,jump_peak
IMG_3510.MOV,119,fastaipose,v1,jump_peak
IMG_3510.MOV,120,fastaipose,v1,jump_peak
IMG_3510.MOV,121,fastaipose,v1,jump_peak
IMG_3510.MOV,122,fastaipose,v1,jump_peak
IMG_3510.MOV,123,fastaipose,v1,jump_peak
IMG_3510.MOV,124,fastaipose,v1,jump_peak
IMG_3510.MOV,125,fastaipose,v1,jump_peak
IMG_3510.MOV,126,fastaipose,v1,transition
IMG_3510.MOV,127,fastaipose,v1,transition
IMG_3510.MOV,128,fastaipose,v1,transition
IMG_3510.MOV,129,fastaipose,v1,landing
IMG_3510.MOV,130,fastaipose,v1,landing
IMG_3510.MOV,131,fastaipose,v1,landing
IMG_3510.MOV,132,fastaipose,v1,landing
IMG_3510.MOV,133,fastaipose,v1,landing
IMG_3510.MOV,134,fastaipose,v1,landing
IMG_3510.MOV,135,fastaipose,v1,landing
IMG_3510.MOV,136,fastaipose,v1,landing
IMG_3510.MOV,137,fastaipose,v1,transition
IMG_3510.MOV,138,fastaipose,v1,transition
IMG_3510.MOV,139,fastaipose,v1,transition
IMG_3510.MOV,140,fastaipose,v1,squat
IMG_3510.MOV,141,fastaipose,v1,squat
IMG_3510.MOV,142,fastaipose,v1,squat
IMG_3510.MOV,143,fastaipose,v1,squat
IMG_3510.MOV,144,fastaipose,v1,squat
IMG_3510.MOV,145,fastaipose,v1,squat
IMG_3510.MOV,146,fastaipose,v1,squat
IMG_3510.MOV,147,fastaipose,v1,squat
IMG_3510.MOV,148,fastaipose,v1,squat
IMG_3510.MOV,149,fastaipose,v1,squat
IMG_3510.MOV,150,fastaipose,v1,squat
IMG_3510.MOV,151,fastaipose,v1,squat
IMG_3510.MOV,152,fastaipose,v1,squat
IMG_3510.MOV,153,fastaipose,v1,transition
IMG_3510.MOV,154,fastaipose,v1,transition
IMG_3510.MOV,155,fastaipose,v1,transition
IMG_3510.MOV,156,fastaipose,v1,transition
IMG_3510.MOV,157,fastaipose,v1,transition
IMG_3510.MOV,158,fastaipose,v1,transition
IMG_3510.MOV,159,fastaipose,v1,transition
IMG_3510.MOV,160,fastaipose,v1,transition
IMG_3510.MOV,161,fastaipose,v1,transition
IMG_3510.MOV,162,fastaipose,v1,transition
IMG_3510.MOV,163,fastaipose,v1,transition
IMG_3510.MOV,164,fastaipose,v1,transition
IMG_3510.MOV,165,fastaipose,v1,transition
IMG_3510.MOV,166,fastaipose,v1,transition
IMG_3510.MOV,167,fastaipose,v1,transition
IMG_3510.MOV,168,fastaipose,v1,transition
IMG_3510.MOV,169,fastaipose,v1,transition
IMG_3510.MOV,170,fastaipose,v1,transition
IMG_3510.MOV,171,fastaipose,v1,transition
IMG_3510.MOV,172,fastaipose,v1,transition
IMG_3510.MOV,173,fastaipose,v1,transition
IMG_3510.MOV,174,fastaipose,v1,transition
IMG_3510.MOV,175,fastaipose,v1,transition
IMG_3510.MOV,176,fastaipose,v1,transition
IMG_3510.MOV,177,fastaipose,v1,transition
IMG_3510.MOV,178,fastaipose,v1,transition
IMG_3510.MOV,179,fastaipose,v1,transition
IMG_3510.MOV,180,fastaipose,v1,transition
IMG_3510.MOV,181,fastaipose,v1,transition
IMG_3510.MOV,182,fastaipose,v1,transition
IMG_3510.MOV,183,fastaipose,v1,transition
IMG_3510.MOV,184,fastaipose,v1,transition
IMG_3510.MOV,185,fastaipose,v1,transition
IMG_3510.MOV,186,fastaipose,v1,transition
IMG_3510.MOV,187,fastaipose,v1,transition
IMG_3510.MOV,188,fastaipose,v1,transition
IMG_3510.MOV,189,fastaipose,v1,transition
IMG_3510.MOV,190,fastaipose,v1,transition
IMG_3510.MOV,191,fastaipose,v1,transition
IMG_3510.MOV,192,fastaipose,v1,transition
IMG_3510.MOV,193,fastaipose,v1,transition
IMG_3510.MOV,194,fastaipose,v1,transition
IMG_3510.MOV,195,fastaipose,v1,transition
IMG_3510.MOV,196,fastaipose,v1,transition
IMG_3510.MOV,197,fastaipose,v1,transition
IMG_3510.MOV,198,fastaipose,v1,transition
IMG_3510.MOV,199,fastaipose,v1,transition
IMG_3510.MOV,200,fastaipose,v1,transition
IMG_3510.MOV,201,fastaipose,v1,transition
IMG_3510.MOV,202,fastaipose,v1,transition
IMG_3510.MOV,203,fastaipose,v1,transition
IMG_3510.MOV,204,fastaipose,v1,transition
IMG_3510.MOV,205,fastaipose,v1,transition
IMG_3510.MOV,206,fastaipose,v1,transition
IMG_3510.MOV,207,fastaipose,v1,transition
IMG_3510.MOV,208,fastaipose,v1,transition
IMG_3510.MOV,209,fastaipose,v1,transition
IMG_3510.MOV,210,fastaipose,v1,transition
IMG_3510.MOV,211,fastaipose,v1,transition
IMG_3510.MOV,212,fastaipose,v1,transition
IMG_3510.MOV,213,fastaipose,v1,transition
IMG_3510.MOV,214,fastaipose,v1,transition
IMG_3510.MOV,215,fastaipose,v1,transition
IMG_3510.MOV,216,fastaipose,v1,transition
IMG_3510.MOV,217,fastaipose,v1,transition
IMG_3510.MOV,218,fastaipose,v1,transition
IMG_3510.MOV,219,fastaipose,v1,transition
IMG_3510.MOV,220,fastaipose,v1,transition
IMG_3510.MOV,221,fastaipose,v1,squat
IMG_3510.MOV,222,fastaipose,v1,squat
IMG_3510.MOV,223,fastaipose,v1,squat
IMG_3510.MOV,224,fastaipose,v1,squat
IMG_3510.MOV,225,fastaipose,v1,squat
IMG_3510.MOV,226,fastaipose,v1,squat
IMG_3510.MOV,227,fastaipose,v1,squat
IMG_3510.MOV,228,fastaipose,v1,squat
IMG_3510.MOV,229,fastaipose,v1,squat
IMG_3510.MOV,230,fastaipose,v1,squat
IMG_3510.MOV,231,fastaipose,v1,squat
IMG_3510.MOV,232,fastaipose,v1,squat
IMG_3510.MOV,233,fastaipose,v1,squat
IMG_3510.MOV,234,fastaipose,v1,squat
IMG_3510.MOV,235,fastaipose,v1,transition
IMG_3510.MOV,236,fastaipose,v1,transition
IMG_3510.MOV,237,fastaipose,v1,transition
IMG_3510.MOV,238,fastaipose,v1,transition
IMG_3510.MOV,239,fastaipose,v1,transition
IMG_3510.MOV,240,fastaipose,v1,transition
IMG_3510.MOV,241,fastaipose,v1,transition
IMG_3510.MOV,242,fastaipose,v1,transition
IMG_3510.MOV,243,fastaipose,v1,transition
IMG_3510.MOV,244,fastaipose,v1,transition
IMG_3510.MOV,245,fastaipose,v1,transition
IMG_3510.MOV,246,fastaipose,v1,jump_peak
IMG_3510.MOV,247,fastaipose,v1,jump_peak
IMG_3510.MOV,248,fastaipose,v1,jump_peak
IMG_3510.MOV,249,fastaipose,v1,jump_peak
IMG_3510.MOV,250,fastaipose,v1,jump_peak
IMG_3510.MOV,251,fastaipose,v1,jump_peak
IMG_3510.MOV,252,fastaipose,v1,jump_peak
IMG_3510.MOV,253,fastaipose,v1,jump_peak
IMG_3510.MOV,254,fastaipose,v1,jump_peak
IMG_3510.MOV,255,fastaipose,v1,transition
IMG_3510.MOV,256,fastaipose,v1,transition
IMG_3510.MOV,257,fastaipose,v1,transition
IMG_3510.MOV,258,fastaipose,v1,landing
IMG_3510.MOV,259,fastaipose,v1,landing
IMG_3510.MOV,260,fastaipose,v1,landing
IMG_3510.MOV,261,fastaipose,v1,landing
IMG_3510.MOV,262,fastaipose,v1,landing
IMG_3510.MOV,263,fastaipose,v1,transition
IMG_3510.MOV,264,fastaipose,v1,transition
IMG_3510.MOV,265,fastaipose,v1,transition
IMG_3510.MOV,266,fastaipose,v1,transition
IMG_3510.MOV,267,fastaipose,v1,transition
IMG_3510.MOV,268,fastaipose,v1,transition
IMG_3510.MOV,269,fastaipose,v1,transition
IMG_3510.MOV,270,fastaipose,v1,transition
IMG_3510.MOV,271,fastaipose,v1,transition
IMG_3510.MOV,272,fastaipose,v1,transition
IMG_3510.MOV,273,fastaipose,v1,transition
IMG_3510.MOV,274,fastaipose,v1,transition
IMG_3510.MOV,275,fastaipose,v1,transition
IMG_3510.MOV,276,fastaipose,v1,transition
IMG_3510.MOV,277,fastaipose,v1,transition
IMG_3510.MOV,278,fastaipose,v1,transition
IMG_3510.MOV,279,fastaipose,v1,transition
IMG_3510.MOV,280,fastaipose,v1,transition
IMG_3510.MOV,281,fastaipose,v1,transition
IMG_3510.MOV,282,fastaipose,v1,transition
IMG_3510.MOV,283,fastaipose,v1,transition
IMG_3510.MOV,284,fastaipose,v1,transition
IMG_3510.MOV,285,fastaipose,v1,transition
IMG_3510.MOV,286,fastaipose,v1,transition
IMG_3510.MOV,287,fastaipose,v1,transition
IMG_3510.MOV,288,fastaipose,v1,transition
IMG_3510.MOV,289,fastaipose,v1,transition
IMG_3510.MOV,290,fastaipose,v1,transition
IMG_3510.MOV,291,fastaipose,v1,transition
IMG_3510.MOV,292,fastaipose,v1,transition
IMG_3510.MOV,293,fastaipose,v1,transition
IMG_3510.MOV,294,fastaipose,v1,transition
IMG_3510.MOV,295,fastaipose,v1,transition
IMG_3510.MOV,296,fastaipose,v1,transition
IMG_3510.MOV,297,fastaipose,v1,transition
IMG_3510.MOV,298,fastaipose,v1,transition
IMG_3510.MOV,299,fastaipose,v1,transition
IMG_3510.MOV,300,fastaipose,v1,transition
IMG_3510.MOV,301,fastaipose,v1,transition
IMG_3510.MOV,302,fastaipose,v1,transition
IMG_3510.MOV,303,fastaipose,v1,transition
IMG_3510.MOV,304,fastaipose,v1,transition
IMG_3510.MOV,305,fastaipose,v1,transition
IMG_3510.MOV,306,fastaipose,v1,transition
IMG_3510.MOV,307,fastaipose,v1,transition
IMG_3510.MOV,308,fastaipose,v1,transition
IMG_3510.MOV,309,fastaipose,v1,squat
IMG_3510.MOV,310,fastaipose,v1,squat
IMG_3510.MOV,311,fastaipose,v1,squat
IMG_3510.MOV,312,fastaipose,v1,squat
IMG_3510.MOV,313,fastaipose,v1,squat
IMG_3510.MOV,314,fastaipose,v1,squat
IMG_3510.MOV,315,fastaipose,v1,squat
IMG_3510.MOV,316,fastaipose,v1,squat
IMG_3510.MOV,317,fastaipose,v1,squat
IMG_3510.MOV,318,fastaipose,v1,squat
IMG_3510.MOV,319,fastaipose,v1,squat
IMG_3510.MOV,320,fastaipose,v1,squat
IMG_3510.MOV,321,fastaipose,v1,squat
IMG_3510.MOV,322,fastaipose,v1,transition
IMG_3510.MOV,323,fastaipose,v1,transition
IMG_3510.MOV,324,fastaipose,v1,transition
IMG_3510.MOV,325,fastaipose,v1,transition
IMG_3510.MOV,326,fastaipose,v1,transition
IMG_3510.MOV,327,fastaipose,v1,transition
IMG_3510.MOV,328,fastaipose,v1,transition
IMG_3510.MOV,329,fastaipose,v1,transition
IMG_3510.MOV,330,fastaipose,v1,transition
IMG_3510.MOV,331,fastaipose,v1,transition
IMG_3510.MOV,332,fastaipose,v1,jump_peak
IMG_3510.MOV,333,fastaipose,v1,jump_peak
IMG_3510.MOV,334,fastaipose,v1,jump_peak
IMG_3510.MOV,335,fastaipose,v1,jump_peak
IMG_3510.MOV,336,fastaipose,v1,jump_peak
IMG_3510.MOV,337,fastaipose,v1,jump_peak
IMG_3510.MOV,338,fastaipose,v1,jump_peak
IMG_3510.MOV,339,fastaipose,v1,jump_peak
IMG_3510.MOV,340,fastaipose,v1,jump_peak
IMG_3510.MOV,341,fastaipose,v1,jump_peak
IMG_3510.MOV,342,fastaipose,v1,jump_peak
IMG_3510.MOV,343,fastaipose,v1,transition
IMG_3510.MOV,344,fastaipose,v1,transition
IMG_3510.MOV,345,fastaipose,v1,landing
IMG_3510.MOV,346,fastaipose,v1,landing
IMG_3510.MOV,347,fastaipose,v1,landing
IMG_3510.MOV,348,fastaipose,v1,landing
IMG_3510.MOV,349,fastaipose,v1,landing
IMG_3510.MOV,350,fastaipose,v1,landing
IMG_3510.MOV,351,fastaipose,v1,transition
IMG_3510.MOV,352,fastaipose,v1,transition
IMG_3510.MOV,353,fastaipose,v1,transition
IMG_3510.MOV,354,fastaipose,v1,transition
IMG_3510.MOV,355,fastaipose,v1,transition
IMG_3510.MOV,356,fastaipose,v1,transition
IMG_3510.MOV,357,fastaipose,v1,transition
IMG_3510.MOV,358,fastaipose,v1,transition
IMG_3510.MOV,359,fastaipose,v1,transition
IMG_3510.MOV,360,fastaipose,v1,transition
IMG_3510.MOV,361,fastaipose,v1,transition
IMG_3510.MOV,362,fastaipose,v1,transition
IMG_3510.MOV,363,fastaipose,v1,transition
IMG_3510.MOV,364,fastaipose,v1,transition
IMG_3510.MOV,365,fastaipose,v1,transition
IMG_3510.MOV,366,fastaipose,v1,transition
IMG_3510.MOV,367,fastaipose,v1,transition
IMG_3510.MOV,368,fastaipose,v1,transition
IMG_3510.MOV,369,fastaipose,v1,transition
IMG_3510.MOV,370,fastaipose,v1,transition
IMG_3510.MOV,371,fastaipose,v1,transition
IMG_3510.MOV,372,fastaipose,v1,transition
IMG_3510.MOV,373,fastaipose,v1,transition
IMG_3510.MOV,374,fastaipose,v1,transition
IMG_3510.MOV,375,fastaipose,v1,transition
IMG_3510.MOV,376,fastaipose,v1,transition
IMG_3510.MOV,377,fastaipose,v1,transition
IMG_3510.MOV,378,fastaipose,v1,transition
IMG_3510.MOV,379,fastaipose,v1,transition
IMG_3510.MOV,380,fastaipose,v1,transition
IMG_3510.MOV,381,fastaipose,v1,transition
IMG_3510.MOV,382,fastaipose,v1,transition
IMG_3510.MOV,383,fastaipose,v1,transition
IMG_3510.MOV,384,fastaipose,v1,transition
IMG_3510.MOV,385,fastaipose,v1,transition
IMG_3510.MOV,386,fastaipose,v1,transition
IMG_3510.MOV,387,fastaipose,v1,transition
IMG_3510.MOV,388,fastaipose,v1,transition
IMG_3510.MOV,389,fastaipose,v1,transition
IMG_3510.MOV,390,fastaipose,v1,transition
IMG_3510.MOV,391,fastaipose,v1,transition
IMG_3510.MOV,392,fastaipose,v1,transition
IMG_3510.MOV,393,fastaipose,v1,transition
IMG_3510.MOV,394,fastaipose,v1,transition
IMG_3510.MOV,395,fastaipose,v1,transition
IMG_3510.MOV,396,fastaipose,v1,transition
IMG_3510.MOV,397,fastaipose,v1,transition
IMG_3510.MOV,398,fastaipose,v1,squat
IMG_3510.MOV,399,fastaipose,v1,squat
IMG_3510.MOV,400,fastaipose,v1,squat
IMG_3510.MOV,401,fastaipose,v1,squat
IMG_3510.MOV,402,fastaipose,v1,squat
IMG_3510.MOV,403,fastaipose,v1,squat
IMG_3510.MOV,404,fastaipose,v1,squat
IMG_3510.MOV,405,fastaipose,v1,squat
IMG_3510.MOV,406,fastaipose,v1,squat
IMG_3510.MOV,407,fastaipose,v1,squat
IMG_3510.MOV,408,fastaipose,v1,squat
IMG_3510.MOV,409,fastaipose,v1,squat
IMG_3510.MOV,410,fastaipose,v1,squat
IMG_3510.MOV,411,fastaipose,v1,squat
IMG_3510.MOV,412,fastaipose,v1,transition
IMG_3510.MOV,413,fastaipose,v1,transition
IMG_3510.MOV,414,fastaipose,v1,transition
IMG_3510.MOV,415,fastaipose,v1,transition
IMG_3510.MOV,416,fastaipose,v1,transition
IMG_3510.MOV,417,fastaipose,v1,transition
IMG_3510.MOV,418,fastaipose,v1,transition
IMG_3510.MOV,419,fastaipose,v1,transition
IMG_3510.MOV,420,fastaipose,v1,transition
IMG_3510.MOV,421,fastaipose,v1,transition
IMG_3510.MOV,422,fastaipose,v1,transition
IMG_3510.MOV,423,fastaipose,v1,jump_peak
IMG_3510.MOV,424,fastaipose,v1,jump_peak
IMG_3510.MOV,425,fastaipose,v1,jump_peak
IMG_3510.MOV,426,fastaipose,v1,jump_peak
IMG_3510.MOV,427,fastaipose,v1,jump_peak
IMG_3510.MOV,428,fastaipose,v1,jump_peak
IMG_3510.MOV,429,fastaipose,v1,jump_peak
IMG_3510.MOV,430,fastaipose,v1,jump_peak
IMG_3510.MOV,431,fastaipose,v1,jump_peak
IMG_3510.MOV,432,fastaipose,v1,jump_peak
IMG_3510.MOV,433,fastaipose,v1,transition
IMG_3510.MOV,434,fastaipose,v1,landing
IMG_3510.MOV,435,fastaipose,v1,landing
IMG_3510.MOV,436,fastaipose,v1,landing
IMG_3510.MOV,437,fastaipose,v1,landing
IMG_3510.MOV,438,fastaipose,v1,landing
IMG_3510.MOV,439,fastaipose,v1,transition
IMG_3510.MOV,440,fastaipose,v1,transition
IMG_3510.MOV,441,fastaipose,v1,transition
IMG_3510.MOV,442,fastaipose,v1,transition
IMG_3510.MOV,443,fastaipose,v1,transition
IMG_3510.MOV,444,fastaipose,v1,transition
IMG_3510.MOV,445,fastaipose,v1,transition
IMG_3510.MOV,446,fastaipose,v1,transition
IMG_3510.MOV,447,fastaipose,v1,transition
IMG_3510.MOV,448,fastaipose,v1,transition
IMG_3510.MOV,449,fastaipose,v1,transition
IMG_3510.MOV,450,fastaipose,v1,transition
IMG_3510.MOV,451,fastaipose,v1,transition
IMG_3510.MOV,452,fastaipose,v1,transition
IMG_3510.MOV,453,fastaipose,v1,transition
IMG_3510.MOV,454,fastaipose,v1,transition
IMG_3510.MOV,455,fastaipose,v1,transition
IMG_3510.MOV,456,fastaipose,v1,transition
IMG_3510.MOV,457,fastaipose,v1,transition
IMG_3510.MOV,458,fastaipose,v1,transition
IMG_3510.MOV,459,fastaipose,v1,transition
IMG_3510.MOV,460,fastaipose,v1,transition
IMG_3510.MOV,461,fastaipose,v1,transition
IMG_3510.MOV,462,fastaipose,v1,transition
IMG_3510.MOV,463,fastaipose,v1,transition
IMG_3510.MOV,464,fastaipose,v1,transition
IMG_3510.MOV,465,fastaipose,v1,transition
IMG_3510.MOV,466,fastaipose,v1,transition
IMG_3510.MOV,467,fastaipose,v1,transition
IMG_3510.MOV,468,fastaipose,v1,transition
IMG_3510.MOV,469,fastaipose,v1,transition
IMG_3510.MOV,470,fastaipose,v1,transition
IMG_3510.MOV,471,fastaipose,v1,transition
IMG_3510.MOV,472,fastaipose,v1,transition
IMG_3510.MOV,473,fastaipose,v1,transition
IMG_3510.MOV,474,fastaipose,v1,transition
IMG_3510.MOV,475,fastaipose,v1,transition
IMG_3510.MOV,476,fastaipose,v1,transition
IMG_3510.MOV,477,fastaipose,v1,transition
IMG_3510.MOV,478,fastaipose,v1,transition
IMG_3510.MOV,479,fastaipose,v1,transition
IMG_3510.MOV,480,fastaipose,v1,transition
IMG_3510.MOV,481,fastaipose,v1,transition
IMG_3510.MOV,482,fastaipose,v1,transition
IMG_3510.MOV,483,fastaipose,v1,transition
IMG_3510.MOV,484,fastaipose,v1,transition
IMG_3510.MOV,485,fastaipose,v1,transition
IMG_3510.MOV,486,fastaipose,v1,transition
IMG_3510.MOV,487,fastaipose,v1,transition
IMG_3510.MOV,488,fastaipose,v1,transition
IMG_3510.MOV,489,fastaipose,v1,transition
IMG_3510.MOV,490,fastaipose,v1,transition
IMG_3510.MOV,491,fastaipose,v1,transition
IMG_3510.MOV,492,fastaipose,v1,transition
IMG_3510.MOV,493,fastaipose,v1,transition
IMG_3510.MOV,494,fastaipose,v1,transition
IMG_3510.MOV,495,fastaipose,v1,transition
IMG_3510.MOV,496,fastaipose,v1,transition
IMG_3510.MOV,497,fastaipose,v1,transition
IMG_3510.MOV,498,fastaipose,v1,transition
IMG_3510.MOV,499,fastaipose,v1,transition
IMG_3510.MOV,500,fastaipose,v1,transition
IMG_3510.MOV,501,fastaipose,v1,transition
IMG_3510.MOV,502,fastaipose,v1,transition
IMG_3510.MOV,503,fastaipose,v1,transition
IMG_3510.MOV,504,fastaipose,v1,transition
IMG_3510.MOV,505,fastaipose,v1,transition
IMG_3510.MOV,506,fastaipose,v1,transition
IMG_3510.MOV,507,fastaipose,v1,transition
IMG_3510.MOV,508,fastaipose,v1,transition
IMG_3510.MOV,509,fastaipose,v1,transition
IMG_3510.MOV,510,fastaipose,v1,transition
IMG_3510.MOV,511,fastaipose,v1,transition
IMG_3510.MOV,512,fastaipose,v1,transition
IMG_3510.MOV,513,fastaipose,v1,transition
IMG_3510.MOV,514,fastaipose,v1,transition
IMG_3510.MOV,515,fastaipose,v1,transition
IMG_3510.MOV,516,fastaipose,v1,transition
IMG_3510.MOV,517,fastaipose,v1,transition
IMG_3510.MOV,518,fastaipose,v1,transition
IMG_3510.MOV,519,fastaipose,v1,transition
IMG_3510.MOV,520,fastaipose,v1,transition
IMG_3510.MOV,521,fastaipose,v1,transition
IMG_3510.MOV,522,fastaipose,v1,transition
IMG_3510.MOV,523,fastaipose,v1,transition
IMG_3510.MOV,524,fastaipose,v1,transition
IMG_3510.MOV,525,fastaipose,v1,transition
IMG_3510.MOV,526,fastaipose,v1,transition
IMG_3510.MOV,527,fastaipose,v1,transition
IMG_3510.MOV,528,fastaipose,v1,transition
IMG_3510.MOV,529,fastaipose,v1,transition
IMG_3510.MOV,530,fastaipose,v1,transition
IMG_3510.MOV,531,fastaipose,v1,transition
IMG_3510.MOV,532,fastaipose,v1,transition
IMG_3510.MOV,533,fastaipose,v1,transition
IMG_3510.MOV,534,fastaipose,v1,transition
IMG_3510.MOV,535,fastaipose,v1,transition
IMG_3510.MOV,536,fastaipose,v1,transition
IMG_3510.MOV,537,fastaipose,v1,transition
IMG_3510.MOV,538,fastaipose,v1,transition
IMG_3510.MOV,539,fastaipose,v1,transition
IMG_3510.MOV,540,fastaipose,v1,transition
IMG_3510.MOV,541,fastaipose,v1,transition
IMG_3510.MOV,542,fastaipose,v1,transition
IMG_3510.MOV,543,fastaipose,v1,transition
IMG_3510.MOV,544,fastaipose,v1,transition
IMG_3510.MOV,545,fastaipose,v1,transition
IMG_3510.MOV,546,fastaipose,v1,transition
IMG_3510.MOV,547,fastaipose,v1,transition
IMG_3510.MOV,548,fastaipose,v1,transition
IMG_3510.MOV,549,fastaipose,v1,transition
IMG_3510.MOV,550,fastaipose,v1,transition
IMG_3510.MOV,551,fastaipose,v1,transition
IMG_3510.MOV,552,fastaipose,v1,transition
IMG_3510.MOV,553,fastaipose,v1,transition
IMG_3510.MOV,554,fastaipose,v1,transition
IMG_3510.MOV,555,fastaipose,v1,transition
IMG_3510.MOV,556,fastaipose,v1,transition
IMG_3510.MOV,557,fastaipose,v1,transition
IMG_3510.MOV,558,fastaipose,v1,transition
IMG_3510.MOV,559,fastaipose,v1,transition
IMG_3510.MOV,560,fastaipose,v1,transition
IMG_3510.MOV,561,fastaipose,v1,transition
IMG_3510.MOV,562,fastaipose,v1,transition
IMG_3510.MOV,563,fastaipose,v1,transition
IMG_3510.MOV,564,fastaipose,v1,transition
IMG_3510.MOV,565,fastaipose,v1,transition
IMG_3510.MOV,566,fastaipose,v1,transition
IMG_3510.MOV,567,fastaipose,v1,transition
IMG_3510.MOV,568,fastaipose,v1,transition
IMG_3510.MOV,569,fastaipose,v1,transition
IMG_3510.MOV,570,fastaipose,v1,transition
IMG_3510.MOV,571,fastaipose,v1,transition
IMG_3510.MOV,572,fastaipose,v1,transition
IMG_3510.MOV,573,fastaipose,v1,transition
IMG_3510.MOV,574,fastaipose,v1,transition
IMG_3510.MOV,575,fastaipose,v1,transition
IMG_3510.MOV,576,fastaipose,v1,transition
IMG_3510.MOV,577,fastaipose,v1,transition
IMG_3510.MOV,578,fastaipose,v1,transition
IMG_3510.MOV,579,fastaipose,v1,transition
IMG_3510.MOV,580,fastaipose,v1,transition
IMG_3510.MOV,581,fastaipose,v1,transition
IMG_3510.MOV,582,fastaipose,v1,transition
IMG_3510.MOV,583,fastaipose,v1,transition
IMG_3510.MOV,584,fastaipose,v1,transition
IMG_3510.MOV,585,fastaipose,v1,transition
IMG_3510.MOV,586,fastaipose,v1,transition
IMG_3510.MOV,587,fastaipose,v1,transition
IMG_3510.MOV,588,fastaipose,v1,transition
IMG_3510.MOV,589,fastaipose,v1,transition
IMG_3510.MOV,590,fastaipose,v1,transition
IMG_3510.MOV,591,fastaipose,v1,transition
IMG_3510.MOV,592,fastaipose,v1,transition
IMG_3510.MOV,593,fastaipose,v1,transition
IMG_3510.MOV,594,fastaipose,v1,transition
IMG_3510.MOV,595,fastaipose,v1,transition
IMG_3510.MOV,596,fastaipose,v1,transition
IMG_3510.MOV,597,fastaipose,v1,transition
IMG_3510.MOV,598,fastaipose,v1,transition
IMG_3510.MOV,599,fastaipose,v1,transition
IMG_3510.MOV,600,fastaipose,v1,transition
IMG_3510.MOV,601,fastaipose,v1,transition
IMG_3510.MOV,602,fastaipose,v1,transition
IMG_3510.MOV,603,fastaipose,v1,transition
IMG_3510.MOV,604,fastaipose,v1,transition
IMG_3510.MOV,605,fastaipose,v1,transition
IMG_3510.MOV,606,fastaipose,v1,transition
IMG_3510.MOV,607,fastaipose,v1,transition
IMG_3510.MOV,608,fastaipose,v1,transition
IMG_3510.MOV,609,fastaipose,v1,transition
IMG_3510.MOV,610,fastaipose,v1,transition
IMG_3510.MOV,611,fastaipose,v1,transition
IMG_3510.MOV,612,fastaipose,v1,transition
IMG_3510.MOV,613,fastaipose,v1,transition
IMG_3510.MOV,614,fastaipose,v1,transition
IMG_3510.MOV,615,fastaipose,v1,transition
IMG_3510.MOV,616,fastaipose,v1,transition
IMG_3510.MOV,617,fastaipose,v1,transition
IMG_3510.MOV,618,fastaipose,v1,transition
IMG_3510.MOV,619,fastaipose,v1,transition
IMG_3510.MOV,620,fastaipose,v1,squat
IMG_3510.MOV,621,fastaipose,v1,squat
IMG_3510.MOV,622,fastaipose,v1,squat
IMG_3510.MOV,623,fastaipose,v1,squat
IMG_3510.MOV,624,fastaipose,v1,squat
IMG_3510.MOV,625,fastaipose,v1,squat
IMG_3510.MOV,626,fastaipose,v1,squat
IMG_3510.MOV,627,fastaipose,v1,squat
IMG_3510.MOV,628,fastaipose,v1,squat
IMG_3510.MOV,629,fastaipose,v1,squat
IMG_3510.MOV,630,fastaipose,v1,squat
IMG_3510.MOV,631,fastaipose,v1,squat
IMG_3510.MOV,632,fastaipose,v1,squat
IMG_3510.MOV,633,fastaipose,v1,transition
IMG_3510.MOV,634,fastaipose,v1,transition
IMG_3510.MOV,635,fastaipose,v1,transition
IMG_3510.MOV,636,fastaipose,v1,transition
IMG_3510.MOV,637,fastaipose,v1,transition
IMG_3510.MOV,638,fastaipose,v1,transition
IMG_3510.MOV,639,fastaipose,v1,transition
IMG_3510.MOV,640,fastaipose,v1,transition
IMG_3510.MOV,641,fastaipose,v1,transition
IMG_3510.MOV,642,fastaipose,v1,transition
IMG_3510.MOV,643,fastaipose,v1,transition
IMG_3510.MOV,644,fastaipose,v1,jump_peak
IMG_3510.MOV,645,fastaipose,v1,jump_peak
IMG_3510.MOV,646,fastaipose,v1,jump_peak
IMG_3510.MOV,647,fastaipose,v1,jump_peak
IMG_3510.MOV,648,fastaipose,v1,jump_peak
IMG_3510.MOV,649,fastaipose,v1,jump_peak
IMG_3510.MOV,650,fastaipose,v1,jump_peak
IMG_3510.MOV,651,fastaipose,v1,jump_peak
IMG_3510.MOV,652,fastaipose,v1,jump_peak
IMG_3510.MOV,653,fastaipose,v1,jump_peak
IMG_3510.MOV,654,fastaipose,v1,transition
IMG_3510.MOV,655,fastaipose,v1,transition
IMG_3510.MOV,656,fastaipose,v1,landing
IMG_3510.MOV,657,fastaipose,v1,landing
IMG_3510.MOV,658,fastaipose,v1,landing
IMG_3510.MOV,659,fastaipose,v1,landing
IMG_3510.MOV,660,fastaipose,v1,landing
IMG_3510.MOV,661,fastaipose,v1,landing
IMG_3510.MOV,662,fastaipose,v1,landing
IMG_3510.MOV,663,fastaipose,v1,transition
IMG_3510.MOV,664,fastaipose,v1,transition
IMG_3510.MOV,665,fastaipose,v1,transition
IMG_3510.MOV,666,fastaipose,v1,transition
IMG_3510.MOV,667,fastaipose,v1,transition
IMG_3510.MOV,668,fastaipose,v1,transition
IMG_3510.MOV,669,fastaipose,v1,transition
IMG_3510.MOV,670,fastaipose,v1,transition
IMG_3510.MOV,671,fastaipose,v1,transition
IMG_3510.MOV,672,fastaipose,v1,transition
IMG_3510.MOV,673,fastaipose,v1,transition
IMG_3510.MOV,674,fastaipose,v1,transition
IMG_3510.MOV,675,fastaipose,v1,transition
IMG_3510.MOV,676,fastaipose,v1,transition
IMG_3510.MOV,677,fastaipose,v1,transition
IMG_3510.MOV,678,fastaipose,v1,transition
IMG_3510.MOV,679,fastaipose,v1,transition
IMG_3510.MOV,680,fastaipose,v1,transition
IMG_3510.MOV,681,fastaipose,v1,transition
IMG_3510.MOV,682,fastaipose,v1,transition
IMG_3510.MOV,683,fastaipose,v1,transition
IMG_3510.MOV,684,fastaipose,v1,transition
IMG_3510.MOV,685,fastaipose,v1,transition
IMG_3510.MOV,686,fastaipose,v1,transition
IMG_3510.MOV,687,fastaipose,v1,transition
IMG_3510.MOV,688,fastaipose,v1,transition
IMG_3510.MOV,689,fastaipose,v1,transition
IMG_3510.MOV,690,fastaipose,v1,transition
IMG_3510.MOV,691,fastaipose,v1,transition
IMG_3510.MOV,692,fastaipose,v1,transition
IMG_3510.MOV,693,fastaipose,v1,transition
IMG_3510.MOV,694,fastaipose,v1,transition
IMG_3510.MOV,695,fastaipose,v1,transition
IMG_3510.MOV,696,fastaipose,v1,transition
IMG_3510.MOV,697,fastaipose,v1,transition
IMG_3510.MOV,698,fastaipose,v1,transition
IMG_3510.MOV,699,fastaipose,v1,transition
IMG_3510.MOV,700,fastaipose,v1,transition
IMG_3510.MOV,701,fastaipose,v1,transition
IMG_3510.MOV,702,fastaipose,v1,transition
IMG_3510.MOV,703,fastaipose,v1,transition
IMG_3510.MOV,704,fastaipose,v1,transition
IMG_3510.MOV,705,fastaipose,v1,transition
IMG_3510.MOV,706,fastaipose,v1,transition
IMG_3510.MOV,707,fastaipose,v1,transition
IMG_3510.MOV,708,fastaipose,v1,transition
IMG_3510.MOV,709,fastaipose,v1,transition
IMG_3510.MOV,710,fastaipose,v1,transition
IMG_3510.MOV,711,fastaipose,v1,transition
IMG_3510.MOV,712,fastaipose,v1,transition
IMG_3510.MOV,713,fastaipose,v1,transition
IMG_3510.MOV,714,fastaipose,v1,transition
IMG_3510.MOV,715,fastaipose,v1,transition
IMG_3510.MOV,716,fastaipose,v1,transition
IMG_3510.MOV,717,fastaipose,v1,transition
IMG_3510.MOV,718,fastaipose,v1,transition
IMG_3510.MOV,719,fastaipose,v1,transition
IMG_3510.MOV,720,fastaipose,v1,transition
IMG_3510.MOV,721,fastaipose,v1,transition
IMG_3510.MOV,722,fastaipose,v1,transition
IMG_3510.MOV,723,fastaipose,v1,transition
IMG_3510.MOV,724,fastaipose,v1,transition
IMG_3510.MOV,725,fastaipose,v1,transition
IMG_3510.MOV,726,fastaipose,v1,transition
IMG_3510.MOV,727,fastaipose,v1,transition
IMG_3510.MOV,728,fastaipose,v1,transition
IMG_3510.MOV,729,fastaipose,v1,transition
IMG_3510.MOV,730,fastaipose,v1,transition
IMG_3510.MOV,731,fastaipose,v1,transition
IMG_3510.MOV,732,fastaipose,v1,transition
IMG_3510.MOV,733,fastaipose,v1,transition
IMG_3510.MOV,734,fastaipose,v1,transition
IMG_3510.MOV,735,fastaipose,v1,transition
IMG_3510.MOV,736,fastaipose,v1,transition
IMG_3510.MOV,737,fastaipose,v1,transition
IMG_3510.MOV,738,fastaipose,v1,transition
IMG_3510.MOV,739,fastaipose,v1,transition
IMG_3510.MOV,740,fastaipose,v1,transition
IMG_3510.MOV,741,fastaipose,v1,transition
IMG_3510.MOV,742,fastaipose,v1,transition
IMG_3510.MOV,743,fastaipose,v1,squat
IMG_3510.MOV,744,fastaipose,v1,squat
IMG_3510.MOV,745,fastaipose,v1,squat
IMG_3510.MOV,746,fastaipose,v1,squat
IMG_3510.MOV,747,fastaipose,v1,squat
IMG_3510.MOV,748,fastaipose,v1,squat
IMG_3510.MOV,749,fastaipose,v1,squat
IMG_3510.MOV,750,fastaipose,v1,squat
IMG_3510.MOV,751,fastaipose,v1,squat
IMG_3510.MOV,752,fastaipose,v1,squat
IMG_3510.MOV,753,fastaipose,v1,squat
IMG_3510.MOV,754,fastaipose,v1,squat
IMG_3510.MOV,755,fastaipose,v1,squat
IMG_3510.MOV,756,fastaipose,v1,transition
IMG_3510.MOV,757,fastaipose,v1,transition
IMG_3510.MOV,758,fastaipose,v1,transition
IMG_3510.MOV,759,fastaipose,v1,transition
IMG_3510.MOV,760,fastaipose,v1,transition
IMG_3510.MOV,761,fastaipose,v1,transition
IMG_3510.MOV,762,fastaipose,v1,transition
IMG_3510.MOV,763,fastaipose,v1,transition
IMG_3510.MOV,764,fastaipose,v1,transition
IMG_3510.MOV,765,fastaipose,v1,transition
IMG_3510.MOV,766,fastaipose,v1,transition
IMG_3510.MOV,767,fastaipose,v1,jump_peak
IMG_3510.MOV,768,fastaipose,v1,jump_peak
IMG_3510.MOV,769,fastaipose,v1,jump_peak
IMG_3510.MOV,770,fastaipose,v1,jump_peak
IMG_3510.MOV,771,fastaipose,v1,jump_peak
IMG_3510.MOV,772,fastaipose,v1,jump_peak
IMG_3510.MOV,773,fastaipose,v1,jump_peak
IMG_3510.MOV,774,fastaipose,v1,jump_peak
IMG_3510.MOV,775,fastaipose,v1,jump_peak
IMG_3510.MOV,776,fastaipose,v1,transition
IMG_3510.MOV,777,fastaipose,v1,transition
IMG_3510.MOV,778,fastaipose,v1,transition
IMG_3510.MOV,779,fastaipose,v1,landing
IMG_3510.MOV,780,fastaipose,v1,landing
IMG_3510.MOV,781,fastaipose,v1,landing
IMG_3510.MOV,782,fastaipose,v1,landing
IMG_3510.MOV,783,fastaipose,v1,transition
IMG_3510.MOV,784,fastaipose,v1,transition
IMG_3510.MOV,785,fastaipose,v1,transition
IMG_3510.MOV,786,fastaipose,v1,squat
IMG_3510.MOV,787,fastaipose,v1,squat
IMG_3510.MOV,788,fastaipose,v1,squat
IMG_3510.MOV,789,fastaipose,v1,squat
IMG_3510.MOV,790,fastaipose,v1,squat
IMG_3510.MOV,791,fastaipose,v1,squat
IMG_3510.MOV,792,fastaipose,v1,squat
IMG_3510.MOV,793,fastaipose,v1,squat
IMG_3510.MOV,794,fastaipose,v1,squat
IMG_3510.MOV,795,fastaipose,v1,squat
IMG_3510.MOV,796,fastaipose,v1,squat
IMG_3510.MOV,797,fastaipose,v1,squat
IMG_3510.MOV,798,fastaipose,v1,squat
IMG_3510.MOV,799,fastaipose,v1,transition
IMG_3510.MOV,800,fastaipose,v1,transition
IMG_3510.MOV,801,fastaipose,v1,transition
IMG_3510.MOV,802,fastaipose,v1,transition
IMG_3510.MOV,803,fastaipose,v1,transition
IMG_3510.MOV,804,fastaipose,v1,transition
IMG_3510.MOV,805,fastaipose,v1,transition
IMG_3510.MOV,806,fastaipose,v1,transition
IMG_3510.MOV,807,fastaipose,v1,transition
IMG_3510.MOV,808,fastaipose,v1,transition
IMG_3510.MOV,809,fastaipose,v1,transition
IMG_3510.MOV,810,fastaipose,v1,transition
IMG_3510.MOV,811,fastaipose,v1,transition
IMG_3510.MOV,812,fastaipose,v1,transition
IMG_3510.MOV,813,fastaipose,v1,transition
IMG_3510.MOV,814,fastaipose,v1,transition
IMG_3510.MOV,815,fastaipose,v1,transition
IMG_3510.MOV,816,fastaipose,v1,transition
IMG_3510.MOV,817,fastaipose,v1,transition
IMG_3510.MOV,818,fastaipose,v1,transition
IMG_3510.MOV,819,fastaipose,v1,transition
IMG_3510.MOV,820,fastaipose,v1,transition
IMG_3510.MOV,821,fastaipose,v1,transition
IMG_3510.MOV,822,fastaipose,v1,transition
IMG_3510.MOV,823,fastaipose,v1,transition
IMG_3510.MOV,824,fastaipose,v1,transition
IMG_3510.MOV,825,fastaipose,v1,transition
IMG_3510.MOV,826,fastaipose,v1,transition
IMG_3510.MOV,827,fastaipose,v1,transition
IMG_3510.MOV,828,fastaipose,v1,transition
IMG_3510.MOV,829,fastaipose,v1,transition
IMG_3510.MOV,830,fastaipose,v1,transition
IMG_3510.MOV,831,fastaipose,v1,transition
IMG_3510.MOV,832,fastaipose,v1,transition
IMG_3510.MOV,833,fastaipose,v1,transition
IMG_3510.MOV,834,fastaipose,v1,transition
IMG_3510.MOV,835,fastaipose,v1,squat
IMG_3510.MOV,836,fastaipose,v1,squat
IMG_3510.MOV,837,fastaipose,v1,squat
IMG_3510.MOV,838,fastaipose,v1,squat
IMG_3510.MOV,839,fastaipose,v1,squat
IMG_3510.MOV,840,fastaipose,v1,squat
IMG_3510.MOV,841,fastaipose,v1,squat
IMG_3510.MOV,842,fastaipose,v1,squat
IMG_3510.MOV,843,fastaipose,v1,squat
IMG_3510.MOV,844,fastaipose,v1,squat
IMG_3510.MOV,845,fastaipose,v1,squat
IMG_3510.MOV,846,fastaipose,v1,transition
IMG_3510.MOV,847,fastaipose,v1,transition
IMG_3510.MOV,848,fastaipose,v1,transition
IMG_3510.MOV,849,fastaipose,v1,transition
IMG_3510.MOV,850,fastaipose,v1,transition
IMG_3510.MOV,851,fastaipose,v1,transition
IMG_3510.MOV,852,fastaipose,v1,transition
IMG_3510.MOV,853,fastaipose,v1,transition
IMG_3510.MOV,854,fastaipose,v1,transition
IMG_3510.MOV,855,fastaipose,v1,jump_peak
IMG_3510.MOV,856,fastaipose,v1,jump_peak
IMG_3510.MOV,857,fastaipose,v1,jump_peak
IMG_3510.MOV,858,fastaipose,v1,jump_peak
IMG_3510.MOV,859,fastaipose,v1,jump_peak
IMG_3510.MOV,860,fastaipose,v1,jump_peak
IMG_3510.MOV,861,fastaipose,v1,jump_peak
IMG_3510.MOV,862,fastaipose,v1,jump_peak
IMG_3510.MOV,863,fastaipose,v1,jump_peak
IMG_3510.MOV,864,fastaipose,v1,jump_peak
IMG_3510.MOV,865,fastaipose,v1,transition
IMG_3510.MOV,866,fastaipose,v1,transition
IMG_3510.MOV,867,fastaipose,v1,landing
IMG_3510.MOV,868,fastaipose,v1,landing
IMG_3510.MOV,869,fastaipose,v1,landing
IMG_3510.MOV,870,fastaipose,v1,landing
IMG_3510.MOV,871,fastaipose,v1,transition
IMG_3510.MOV,872,fastaipose,v1,transition
IMG_3510.MOV,873,fastaipose,v1,transition
IMG_3510.MOV,874,fastaipose,v1,transition
IMG_3510.MOV,875,fastaipose,v1,transition
IMG_3510.MOV,876,fastaipose,v1,transition
IMG_3510.MOV,877,fastaipose,v1,transition
IMG_3510.MOV,878,fastaipose,v1,transition
IMG_3510.MOV,879,fastaipose,v1,transition
IMG_3510.MOV,880,fastaipose,v1,transition
IMG_3510.MOV,881,fastaipose,v1,transition
IMG_3510.MOV,882,fastaipose,v1,transition
IMG_3510.MOV,883,fastaipose,v1,transition
IMG_3510.MOV,884,fastaipose,v1,transition
IMG_3510.MOV,885,fastaipose,v1,transition
IMG_3510.MOV,886,fastaipose,v1,transition
IMG_3510.MOV,887,fastaipose,v1,transition
IMG_3510.MOV,888,fastaipose,v1,transition
IMG_3510.MOV,889,fastaipose,v1,transition
IMG_3510.MOV,890,fastaipose,v1,transition
IMG_3510.MOV,891,fastaipose,v1,transition
IMG_3510.MOV,892,fastaipose,v1,transition
IMG_3510.MOV,893,fastaipose,v1,transition
IMG_3510.MOV,894,fastaipose,v1,transition
IMG_3510.MOV,895,fastaipose,v1,transition
IMG_3510.MOV,896,fastaipose,v1,transition
IMG_3510.MOV,897,fastaipose,v1,transition
IMG_3510.MOV,898,fastaipose,v1,transition
IMG_3510.MOV,899,fastaipose,v1,transition
IMG_3510.MOV,900,fastaipose,v1,transition
IMG_3510.MOV,901,fastaipose,v1,transition
IMG_3510.MOV,902,fastaipose,v1,transition
IMG_3510.MOV,903,fastaipose,v1,transition
IMG_3510.MOV,904,fastaipose,v1,transition
IMG_3510.MOV,905,fastaipose,v1,transition
IMG_3510.MOV,906,fastaipose,v1,transition
IMG_3510.MOV,907,fastaipose,v1,transition
IMG_3510.MOV,908,fastaipose,v1,transition
IMG_3510.MOV,909,fastaipose,v1,transition
IMG_3510.MOV,910,fastaipose,v1,transition
IMG_3510.MOV,911,fastaipose,v1,transition
IMG_3510.MOV,912,fastaipose,v1,transition
IMG_3510.MOV,913,fastaipose,v1,transition
IMG_3510.MOV,914,fastaipose,v1,squat
IMG_3510.MOV,915,fastaipose,v1,squat
IMG_3510.MOV,916,fastaipose,v1,squat
IMG_3510.MOV,917,fastaipose,v1,squat
IMG_3510.MOV,918,fastaipose,v1,squat
IMG_3510.MOV,919,fastaipose,v1,squat
IMG_3510.MOV,920,fastaipose,v1,squat
IMG_3510.MOV,921,fastaipose,v1,squat
IMG_3510.MOV,922,fastaipose,v1,transition
IMG_3510.MOV,923,fastaipose,v1,transition
IMG_3510.MOV,924,fastaipose,v1,transition
IMG_3510.MOV,925,fastaipose,v1,transition
IMG_3510.MOV,926,fastaipose,v1,transition
IMG_3510.MOV,927,fastaipose,v1,transition
IMG_3510.MOV,928,fastaipose,v1,transition
IMG_3510.MOV,929,fastaipose,v1,transition
IMG_3510.MOV,930,fastaipose,v1,transition
IMG_3510.MOV,931,fastaipose,v1,transition
IMG_3510.MOV,932,fastaipose,v1,transition
IMG_3510.MOV,933,fastaipose,v1,transition
IMG_3510.MOV,934,fastaipose,v1,jump_peak
IMG_3510.MOV,935,fastaipose,v1,jump_peak
IMG_3510.MOV,936,fastaipose,v1,jump_peak
IMG_3510.MOV,937,fastaipose,v1,jump_peak
IMG_3510.MOV,938,fastaipose,v1,jump_peak
IMG_3510.MOV,939,fastaipose,v1,jump_peak
IMG_3510.MOV,940,fastaipose,v1,jump_peak
IMG_3510.MOV,941,fastaipose,v1,jump_peak
IMG_3510.MOV,942,fastaipose,v1,jump_peak
IMG_3510.MOV,943,fastaipose,v1,jump_peak
IMG_3510.MOV,944,fastaipose,v1,jump_peak
IMG_3510.MOV,945,fastaipose,v1,transition
IMG_3510.MOV,946,fastaipose,v1,transition
IMG_3510.MOV,947,fastaipose,v1,landing
IMG_3510.MOV,948,fastaipose,v1,landing
IMG_3510.MOV,949,fastaipose,v1,landing
IMG_3510.MOV,950,fastaipose,v1,landing
IMG_3510.MOV,951,fastaipose,v1,landing
IMG_3510.MOV,952,fastaipose,v1,transition
IMG_3510.MOV,953,fastaipose,v1,transition
IMG_3510.MOV,954,fastaipose,v1,transition
IMG_3510.MOV,955,fastaipose,v1,transition
IMG_3510.MOV,956,fastaipose,v1,squat
IMG_3510.MOV,957,fastaipose,v1,squat
IMG_3510.MOV,958,fastaipose,v1,squat
IMG_3510.MOV,959,fastaipose,v1,squat
IMG_3510.MOV,960,fastaipose,v1,squat
IMG_3510.MOV,961,fastaipose,v1,transition
IMG_3510.MOV,962,fastaipose,v1,transition
IMG_3510.MOV,963,fastaipose,v1,transition
IMG_3510.MOV,964,fastaipose,v1,transition
IMG_3510.MOV,965,fastaipose,v1,transition
IMG_3510.MOV,966,fastaipose,v1,transition
IMG_3510.MOV,967,fastaipose,v1,transition
IMG_3510.MOV,968,fastaipose,v1,transition
IMG_3510.MOV,969,fastaipose,v1,transition
IMG_3510.MOV,970,fastaipose,v1,transition
IMG_3510.MOV,971,fastaipose,v1,transition
IMG_3510.MOV,972,fastaipose,v1,transition
IMG_3510.MOV,973,fastaipose,v1,transition
IMG_3510.MOV,974,fastaipose,v1,transition
IMG_3510.MOV,975,fastaipose,v1,transition
IMG_3510.MOV,976,fastaipose,v1,transition
IMG_3510.MOV,977,fastaipose,v1,transition
IMG_3510.MOV,978,fastaipose,v1,transition
IMG_3510.MOV,979,fastaipose,v1,transition
IMG_3510.MOV,980,fastaipose,v1,transition
IMG_3510.MOV,981,fastaipose,v1,transition
IMG_3510.MOV,982,fastaipose,v1,transition
IMG_3510.MOV,983,fastaipose,v1,transition
IMG_3510.MOV,984,fastaipose,v1,transition
IMG_3510.MOV,985,fastaipose,v1,transition
IMG_3510.MOV,986,fastaipose,v1,transition
IMG_3510.MOV,987,fastaipose,v1,transition
IMG_3510.MOV,988,fastaipose,v1,transition
IMG_3510.MOV,989,fastaipose,v1,transition
IMG_3510.MOV,990,fastaipose,v1,transition
IMG_3510.MOV,991,fastaipose,v1,transition
IMG_3510.MOV,992,fastaipose,v1,transition
IMG_3510.MOV,993,fastaipose,v1,transition
IMG_3510.MOV,994,fastaipose,v1,transition
IMG_3510.MOV,995,fastaipose,v1,squat
IMG_3510.MOV,996,fastaipose,v1,squat
IMG_3510.MOV,997,fastaipose,v1,squat
IMG_3510.MOV,998,fastaipose,v1,squat
IMG_3510.MOV,999,fastaipose,v1,squat
IMG_3510.MOV,1000,fastaipose,v1,squat
IMG_3510.MOV,1001,fastaipose,v1,squat
IMG_3510.MOV,1002,fastaipose,v1,squat
IMG_3510.MOV,1003,fastaipose,v1,squat
IMG_3510.MOV,1004,fastaipose,v1,squat
IMG_3510.MOV,1005,fastaipose,v1,squat
IMG_3510.MOV,1006,fastaipose,v1,squat
IMG_3510.MOV,1007,fastaipose,v1,squat
IMG_3510.MOV,1008,fastaipose,v1,squat
IMG_3510.MOV,1009,fastaipose,v1,transition
IMG_3510.MOV,1010,fastaipose,v1,transition
IMG_3510.MOV,1011,fastaipose,v1,transition
IMG_3510.MOV,1012,fastaipose,v1,transition
IMG_3510.MOV,1013,fastaipose,v1,transition
IMG_3510.MOV,1014,fastaipose,v1,transition
IMG_3510.MOV,1015,fastaipose,v1,transition
IMG_3510.MOV,1016,fastaipose,v1,transition
IMG_3510.MOV,1017,fastaipose,v1,transition
IMG_3510.MOV,1018,fastaipose,v1,transition
IMG_3510.MOV,1019,fastaipose,v1,jump_peak
IMG_3510.MOV,1020,fastaipose,v1,jump_peak
IMG_3510.MOV,1021,fastaipose,v1,jump_peak
IMG_3510.MOV,1022,fastaipose,v1,jump_peak
IMG_3510.MOV,1023,fastaipose,v1,jump_peak
IMG_3510.MOV,1024,fastaipose,v1,jump_peak
IMG_3510.MOV,1025,fastaipose,v1,jump_peak
IMG_3510.MOV,1026,fastaipose,v1,jump_peak
IMG_3510.MOV,1027,fastaipose,v1,jump_peak
IMG_3510.MOV,1028,fastaipose,v1,jump_peak
IMG_3510.MOV,1029,fastaipose,v1,transition
IMG_3510.MOV,1030,fastaipose,v1,transition
IMG_3510.MOV,1031,fastaipose,v1,landing
IMG_3510.MOV,1032,fastaipose,v1,landing
IMG_3510.MOV,1033,fastaipose,v1,landing
IMG_3510.MOV,1034,fastaipose,v1,landing
IMG_3510.MOV,1035,fastaipose,v1,landing
IMG_3510.MOV,1036,fastaipose,v1,landing
IMG_3510.MOV,1037,fastaipose,v1,landing
IMG_3510.MOV,1038,fastaipose,v1,landing
IMG_3510.MOV,1039,fastaipose,v1,landing
IMG_3510.MOV,1040,fastaipose,v1,landing
IMG_3510.MOV,1041,fastaipose,v1,transition
IMG_3510.MOV,1042,fastaipose,v1,transition
IMG_3510.MOV,1043,fastaipose,v1,transition
IMG_3510.MOV,1044,fastaipose,v1,squat
IMG_3510.MOV,1045,fastaipose,v1,squat
IMG_3510.MOV,1046,fastaipose,v1,squat
IMG_3510.MOV,1047,fastaipose,v1,squat
IMG_3510.MOV,1048,fastaipose,v1,squat
IMG_3510.MOV,1049,fastaipose,v1,transition
IMG_3510.MOV,1050,fastaipose,v1,transition
IMG_3510.MOV,1051,fastaipose,v1,transition
IMG_3510.MOV,1052,fastaipose,v1,transition
IMG_3510.MOV,1053,fastaipose,v1,transition
IMG_3510.MOV,1054,fastaipose,v1,transition
IMG_3510.MOV,1055,fastaipose,v1,transition
IMG_3510.MOV,1056,fastaipose,v1,transition
IMG_3510.MOV,1057,fastaipose,v1,transition
IMG_3510.MOV,1058,fastaipose,v1,transition
IMG_3510.MOV,1059,fastaipose,v1,transition
IMG_3510.MOV,1060,fastaipose,v1,transition
IMG_3510.MOV,1061,fastaipose,v1,transition
IMG_3510.MOV,1062,fastaipose,v1,transition
IMG_3510.MOV,1063,fastaipose,v1,transition
IMG_3510.MOV,1064,fastaipose,v1,transition
IMG_3510.MOV,1065,fastaipose,v1,transition
IMG_3510.MOV,1066,fastaipose,v1,transition
IMG_3510.MOV,1067,fastaipose,v1,transition
IMG_3510.MOV,1068,fastaipose,v1,transition
IMG_3510.MOV,1069,fastaipose,v1,transition
IMG_3510.MOV,1070,fastaipose,v1,transition
IMG_3510.MOV,1071,fastaipose,v1,transition
IMG_3510.MOV,1072,fastaipose,v1,transition
IMG_3510.MOV,1073,fastaipose,v1,transition
IMG_3510.MOV,1074,fastaipose,v1,transition
IMG_3510.MOV,1075,fastaipose,v1,transition
IMG_3510.MOV,1076,fastaipose,v1,transition
IMG_3510.MOV,1077,fastaipose,v1,transition
IMG_3510.MOV,1078,fastaipose,v1,transition
IMG_3510.MOV,1079,fastaipose,v1,transition
IMG_3510.MOV,1080,fastaipose,v1,transition
IMG_3510.MOV,1081,fastaipose,v1,transition
IMG_3510.MOV,1082,fastaipose,v1,transition
IMG_3510.MOV,1083,fastaipose,v1,transition
IMG_3510.MOV,1084,fastaipose,v1,transition
IMG_3510.MOV,1085,fastaipose,v1,transition
IMG_3510.MOV,1086,fastaipose,v1,transition
IMG_3510.MOV,1087,fastaipose,v1,transition
IMG_3510.MOV,1088,fastaipose,v1,transition
IMG_3510.MOV,1089,fastaipose,v1,transition
IMG_3510.MOV,1090,fastaipose,v1,transition
IMG_3510.MOV,1091,fastaipose,v1,transition
IMG_3510.MOV,1092,fastaipose,v1,transition
IMG_3510.MOV,1093,fastaipose,v1,transition
IMG_3510.MOV,1094,fastaipose,v1,transition
IMG_3510.MOV,1095,fastaipose,v1,transition
IMG_3510.MOV,1096,fastaipose,v1,transition
IMG_3510.MOV,1097,fastaipose,v1,transition
IMG_3510.MOV,1098,fastaipose,v1,transition
IMG_3510.MOV,1099,fastaipose,v1,transition
IMG_3510.MOV,1100,fastaipose,v1,transition
IMG_3510.MOV,1101,fastaipose,v1,transition
IMG_3510.MOV,1102,fastaipose,v1,transition
IMG_3510.MOV,1103,fastaipose,v1,transition
IMG_3510.MOV,1104,fastaipose,v1,transition
IMG_3510.MOV,1105,fastaipose,v1,transition
IMG_3510.MOV,1106,fastaipose,v1,transition
IMG_3510.MOV,1107,fastaipose,v1,transition
IMG_3510.MOV,1108,fastaipose,v1,transition
IMG_3510.MOV,1109,fastaipose,v1,transition
IMG_3510.MOV,1110,fastaipose,v1,transition
IMG_3510.MOV,1111,fastaipose,v1,transition
IMG_3510.MOV,1112,fastaipose,v1,transition
IMG_3510.MOV,1113,fastaipose,v1,transition
IMG_3510.MOV,1114,fastaipose,v1,transition
IMG_3510.MOV,1115,fastaipose,v1,transition
IMG_3510.MOV,1116,fastaipose,v1,transition
IMG_3510.MOV,1117,fastaipose,v1,transition
IMG_3510.MOV,1118,fastaipose,v1,transition
IMG_3510.MOV,1119,fastaipose,v1,transition
IMG_3510.MOV,1120,fastaipose,v1,transition
IMG_3510.MOV,1121,fastaipose,v1,transition
IMG_3510.MOV,1122,fastaipose,v1,transition
IMG_3510.MOV,1123,fastaipose,v1,transition
IMG_3510.MOV,1124,fastaipose,v1,transition
IMG_3510.MOV,1125,fastaipose,v1,transition
IMG_3510.MOV,1126,fastaipose,v1,transition
IMG_3510.MOV,1127,fastaipose,v1,transition
IMG_3510.MOV,1128,fastaipose,v1,transition
IMG_3510.MOV,1129,fastaipose,v1,transition
IMG_3510.MOV,1130,fastaipose,v1,transition
IMG_3510.MOV,1131,fastaipose,v1,transition
IMG_3510.MOV,1132,fastaipose,v1,transition
IMG_3510.MOV,1133,fastaipose,v1,transition
IMG_3510.MOV,1134,fastaipose,v1,transition
IMG_3510.MOV,1135,fastaipose,v1,transition
IMG_3510.MOV,1136,fastaipose,v1,transition
IMG_3510.MOV,1137,fastaipose,v1,transition
IMG_3510.MOV,1138,fastaipose,v1,transition
IMG_3510.MOV,1139,fastaipose,v1,transition
IMG_3510.MOV,1140,fastaipose,v1,transition
IMG_3510.MOV,1141,fastaipose,v1,transition
IMG_3510.MOV,1142,fastaipose,v1,transition
IMG_3510.MOV,1143,fastaipose,v1,squat
IMG_3510.MOV,1144,fastaipose,v1,squat
IMG_3510.MOV,1145,fastaipose,v1,squat
IMG_3510.MOV,1146,fastaipose,v1,squat
IMG_3510.MOV,1147,fastaipose,v1,squat
IMG_3510.MOV,1148,fastaipose,v1,squat
IMG_3510.MOV,1149,fastaipose,v1,squat
IMG_3510.MOV,1150,fastaipose,v1,squat
IMG_3510.MOV,1151,fastaipose,v1,squat
IMG_3510.MOV,1152,fastaipose,v1,squat
IMG_3510.MOV,1153,fastaipose,v1,squat
IMG_3510.MOV,1154,fastaipose,v1,squat
IMG_3510.MOV,1155,fastaipose,v1,transition
IMG_3510.MOV,1156,fastaipose,v1,transition
IMG_3510.MOV,1157,fastaipose,v1,transition
IMG_3510.MOV,1158,fastaipose,v1,transition
IMG_3510.MOV,1159,fastaipose,v1,transition
IMG_3510.MOV,1160,fastaipose,v1,transition
IMG_3510.MOV,1161,fastaipose,v1,transition
IMG_3510.MOV,1162,fastaipose,v1,transition
IMG_3510.MOV,1163,fastaipose,v1,transition
IMG_3510.MOV,1164,fastaipose,v1,transition
IMG_3510.MOV,1165,fastaipose,v1,transition
IMG_3510.MOV,1166,fastaipose,v1,jump_peak
IMG_3510.MOV,1167,fastaipose,v1,jump_peak
IMG_3510.MOV,1168,fastaipose,v1,jump_peak
IMG_3510.MOV,1169,fastaipose,v1,jump_peak
IMG_3510.MOV,1170,fastaipose,v1,jump_peak
IMG_3510.MOV,1171,fastaipose,v1,jump_peak
IMG_3510.MOV,1172,fastaipose,v1,jump_peak
IMG_3510.MOV,1173,fastaipose,v1,jump_peak
IMG_3510.MOV,1174,fastaipose,v1,jump_peak
IMG_3510.MOV,1175,fastaipose,v1,jump_peak
IMG_3510.MOV,1176,fastaipose,v1,transition
IMG_3510.MOV,1177,fastaipose,v1,transition
IMG_3510.MOV,1178,fastaipose,v1,landing
IMG_3510.MOV,1179,fastaipose,v1,landing
IMG_3510.MOV,1180,fastaipose,v1,landing
IMG_3510.MOV,1181,fastaipose,v1,landing
IMG_3510.MOV,1182,fastaipose,v1,landing
IMG_3510.MOV,1183,fastaipose,v1,landing
IMG_3510.MOV,1184,fastaipose,v1,landing
IMG_3510.MOV,1185,fastaipose,v1,landing
IMG_3510.MOV,1186,fastaipose,v1,landing
IMG_3510.MOV,1187,fastaipose,v1,landing
IMG_3510.MOV,1188,fastaipose,v1,transition
IMG_3510.MOV,1189,fastaipose,v1,squat
IMG_3510.MOV,1190,fastaipose,v1,squat
IMG_3510.MOV,1191,fastaipose,v1,squat
IMG_3510.MOV,1192,fastaipose,v1,transition
IMG_3510.MOV,1193,fastaipose,v1,transition
IMG_3510.MOV,1194,fastaipose,v1,transition
IMG_3510.MOV,1195,fastaipose,v1,transition
IMG_3510.MOV,1196,fastaipose,v1,transition
IMG_3510.MOV,1197,fastaipose,v1,transition
IMG_3510.MOV,1198,fastaipose,v1,transition
IMG_3510.MOV,1199,fastaipose,v1,transition
IMG_3510.MOV,1200,fastaipose,v1,transition
IMG_3510.MOV,1201,fastaipose,v1,transition
IMG_3510.MOV,1202,fastaipose,v1,transition
IMG_3510.MOV,1203,fastaipose,v1,transition
IMG_3510.MOV,1204,fastaipose,v1,transition
IMG_3510.MOV,1205,fastaipose,v1,transition
IMG_3510.MOV,1206,fastaipose,v1,transition
IMG_3510.MOV,1207,fastaipose,v1,transition
IMG_3510.MOV,1208,fastaipose,v1,transition
IMG_3510.MOV,1209,fastaipose,v1,transition
IMG_3510.MOV,1210,fastaipose,v1,transition
IMG_3510.MOV,1211,fastaipose,v1,transition
IMG_3510.MOV,1212,fastaipose,v1,transition
IMG_3510.MOV,1213,fastaipose,v1,transition
IMG_3510.MOV,1214,fastaipose,v1,transition
IMG_3510.MOV,1215,fastaipose,v1,transition
IMG_3510.MOV,1216,fastaipose,v1,transition
IMG_3510.MOV,1217,fastaipose,v1,transition
IMG_3510.MOV,1218,fastaipose,v1,transition
IMG_3510.MOV,1219,fastaipose,v1,transition
IMG_3510.MOV,1220,fastaipose,v1,transition
IMG_3510.MOV,1221,fastaipose,v1,transition
IMG_3510.MOV,1222,fastaipose,v1,transition
IMG_3510.MOV,1223,fastaipose,v1,transition
IMG_3510.MOV,1224,fastaipose,v1,transition
IMG_3510.MOV,1225,fastaipose,v1,transition
IMG_3510.MOV,1226,fastaipose,v1,transition
IMG_3510.MOV,1227,fastaipose,v1,transition
IMG_3510.MOV,1228,fastaipose,v1,transition
IMG_3510.MOV,1229,fastaipose,v1,transition
IMG_3510.MOV,1230,fastaipose,v1,transition
IMG_3510.MOV,1231,fastaipose,v1,transition
IMG_3510.MOV,1232,fastaipose,v1,transition
IMG_3510.MOV,1233,fastaipose,v1,transition
IMG_3510.MOV,1234,fastaipose,v1,transition
IMG_3510.MOV,1235,fastaipose,v1,transition
IMG_3510.MOV,1236,fastaipose,v1,transition
IMG_3510.MOV,1237,fastaipose,v1,transition
IMG_3510.MOV,1238,fastaipose,v1,transition
IMG_3510.MOV,1239,fastaipose,v1,transition
IMG_3510.MOV,1240,fastaipose,v1,squat
IMG_3510.MOV,1241,fastaipose,v1,squat
IMG_3510.MOV,1242,fastaipose,v1,squat
IMG_3510.MOV,1243,fastaipose,v1,squat
IMG_3510.MOV,1244,fastaipose,v1,squat
IMG_3510.MOV,1245,fastaipose,v1,transition
IMG_3510.MOV,1246,fastaipose,v1,transition
IMG_3510.MOV,1247,fastaipose,v1,transition
IMG_3510.MOV,1248,fastaipose,v1,transition
IMG_3510.MOV,1249,fastaipose,v1,transition
IMG_3510.MOV,1250,fastaipose,v1,transition
IMG_3510.MOV,1251,fastaipose,v1,transition
IMG_3510.MOV,1252,fastaipose,v1,transition
IMG_3510.MOV,1253,fastaipose,v1,transition
IMG_3510.MOV,1254,fastaipose,v1,transition
IMG_3510.MOV,1255,fastaipose,v1,transition
IMG_3510.MOV,1256,fastaipose,v1,jump_peak
IMG_3510.MOV,1257,fastaipose,v1,jump_peak
IMG_3510.MOV,1258,fastaipose,v1,jump_peak
IMG_3510.MOV,1259,fastaipose,v1,jump_peak
IMG_3510.MOV,1260,fastaipose,v1,jump_peak
IMG_3510.MOV,1261,fastaipose,v1,jump_peak
IMG_3510.MOV,1262,fastaipose,v1,jump_peak
IMG_3510.MOV,1263,fastaipose,v1,jump_peak
IMG_3510.MOV,1264,fastaipose,v1,transition
IMG_3510.MOV,1265,fastaipose,v1,transition
IMG_3510.MOV,1266,fastaipose,v1,landing
IMG_3510.MOV,1267,fastaipose,v1,landing
IMG_3510.MOV,1268,fastaipose,v1,landing
IMG_3510.MOV,1269,fastaipose,v1,landing
IMG_3510.MOV,1270,fastaipose,v1,landing
IMG_3510.MOV,1271,fastaipose,v1,landing
IMG_3510.MOV,1272,fastaipose,v1,landing
IMG_3510.MOV,1273,fastaipose,v1,landing
IMG_3510.MOV,1274,fastaipose,v1,landing
IMG_3510.MOV,1275,fastaipose,v1,landing
IMG_3510.MOV,1276,fastaipose,v1,landing
IMG_3510.MOV,1277,fastaipose,v1,landing
IMG_3510.MOV,1278,fastaipose,v1,transition
IMG_3510.MOV,1279,fastaipose,v1,transition
IMG_3510.MOV,1280,fastaipose,v1,squat
IMG_3510.MOV,1281,fastaipose,v1,squat
IMG_3510.MOV,1282,fastaipose,v1,squat
IMG_3510.MOV,1283,fastaipose,v1,transition
IMG_3510.MOV,1284,fastaipose,v1,transition
IMG_3510.MOV,1285,fastaipose,v1,transition
IMG_3510.MOV,1286,fastaipose,v1,transition
IMG_3510.MOV,1287,fastaipose,v1,transition
IMG_3510.MOV,1288,fastaipose,v1,transition
IMG_3510.MOV,1289,fastaipose,v1,transition
IMG_3510.MOV,1290,fastaipose,v1,transition
IMG_3510.MOV,1291,fastaipose,v1,transition
IMG_3510.MOV,1292,fastaipose,v1,transition
IMG_3510.MOV,1293,fastaipose,v1,transition
IMG_3510.MOV,1294,fastaipose,v1,transition
IMG_3510.MOV,1295,fastaipose,v1,transition
IMG_3510.MOV,1296,fastaipose,v1,transition
IMG_3510.MOV,1297,fastaipose,v1,transition
IMG_3510.MOV,1298,fastaipose,v1,transition
IMG_3510.MOV,1299,fastaipose,v1,transition
IMG_3510.MOV,1300,fastaipose,v1,transition
IMG_3510.MOV,1301,fastaipose,v1,transition
IMG_3510.MOV,1302,fastaipose,v1,transition
IMG_3510.MOV,1303,fastaipose,v1,transition
IMG_3510.MOV,1304,fastaipose,v1,transition
IMG_3510.MOV,1305,fastaipose,v1,transition
IMG_3510.MOV,1306,fastaipose,v1,transition
IMG_3510.MOV,1307,fastaipose,v1,transition
IMG_3510.MOV,1308,fastaipose,v1,transition
IMG_3510.MOV,1309,fastaipose,v1,transition
IMG_3510.MOV,1310,fastaipose,v1,transition
IMG_3510.MOV,1311,fastaipose,v1,transition
IMG_3510.MOV,1312,fastaipose,v1,transition
IMG_3510.MOV,1313,fastaipose,v1,transition
IMG_3510.MOV,1314,fastaipose,v1,transition
IMG_3510.MOV,1315,fastaipose,v1,transition
IMG_3510.MOV,1316,fastaipose,v1,transition
IMG_3510.MOV,1317,fastaipose,v1,transition
IMG_3510.MOV,1318,fastaipose,v1,transition
IMG_3510.MOV,1319,fastaipose,v1,transition
IMG_3510.MOV,1320,fastaipose,v1,transition
IMG_3510.MOV,1321,fastaipose,v1,transition
IMG_3510.MOV,1322,fastaipose,v1,transition
IMG_3510.MOV,1323,fastaipose,v1,transition
IMG_3510.MOV,1324,fastaipose,v1,transition
IMG_3510.MOV,1325,fastaipose,v1,transition
IMG_3510.MOV,1326,fastaipose,v1,transition
IMG_3510.MOV,1327,fastaipose,v1,transition
IMG_3510.MOV,1328,fastaipose,v1,transition
IMG_3510.MOV,1329,fastaipose,v1,transition
IMG_3510.MOV,1330,fastaipose,v1,transition
IMG_3510.MOV,1331,fastaipose,v1,transition
IMG_3510.MOV,1332,fastaipose,v1,transition
IMG_3510.MOV,1333,fastaipose,v1,transition
IMG_3510.MOV,1334,fastaipose,v1,squat
IMG_3510.MOV,1335,fastaipose,v1,squat
IMG_3510.MOV,1336,fastaipose,v1,squat
IMG_3510.MOV,1337,fastaipose,v1,squat
IMG_3510.MOV,1338,fastaipose,v1,transition
IMG_3510.MOV,1339,fastaipose,v1,transition
IMG_3510.MOV,1340,fastaipose,v1,transition
IMG_3510.MOV,1341,fastaipose,v1,transition
IMG_3510.MOV,1342,fastaipose,v1,transition
IMG_3510.MOV,1343,fastaipose,v1,transition
IMG_3510.MOV,1344,fastaipose,v1,transition
IMG_3510.MOV,1345,fastaipose,v1,transition
IMG_3510.MOV,1346,fastaipose,v1,transition
IMG_3510.MOV,1347,fastaipose,v1,transition
IMG_3510.MOV,1348,fastaipose,v1,transition
IMG_3510.MOV,1349,fastaipose,v1,jump_peak
IMG_3510.MOV,1350,fastaipose,v1,jump_peak
IMG_3510.MOV,1351,fastaipose,v1,jump_peak
IMG_3510.MOV,1352,fastaipose,v1,jump_peak
IMG_3510.MOV,1353,fastaipose,v1,jump_peak
IMG_3510.MOV,1354,fastaipose,v1,jump_peak
IMG_3510.MOV,1355,fastaipose,v1,jump_peak
IMG_3510.MOV,1356,fastaipose,v1,jump_peak
IMG_3510.MOV,1357,fastaipose,v1,jump_peak
IMG_3510.MOV,1358,fastaipose,v1,jump_peak
IMG_3510.MOV,1359,fastaipose,v1,transition
IMG_3510.MOV,1360,fastaipose,v1,transition
IMG_3510.MOV,1361,fastaipose,v1,transition
IMG_3510.MOV,1362,fastaipose,v1,landing
IMG_3510.MOV,1363,fastaipose,v1,landing
IMG_3510.MOV,1364,fastaipose,v1,landing
IMG_3510.MOV,1365,fastaipose,v1,landing
IMG_3510.MOV,1366,fastaipose,v1,landing
IMG_3510.MOV,1367,fastaipose,v1,landing
IMG_3510.MOV,1368,fastaipose,v1,landing
IMG_3510.MOV,1369,fastaipose,v1,landing
IMG_3510.MOV,1370,fastaipose,v1,landing
IMG_3510.MOV,1371,fastaipose,v1,transition
IMG_3510.MOV,1372,fastaipose,v1,transition
IMG_3510.MOV,1373,fastaipose,v1,transition
IMG_3510.MOV,1374,fastaipose,v1,transition
IMG_3510.MOV,1375,fastaipose,v1,transition
IMG_3510.MOV,1376,fastaipose,v1,transition
IMG_3510.MOV,1377,fastaipose,v1,transition
IMG_3510.MOV,1378,fastaipose,v1,transition
IMG_3510.MOV,1379,fastaipose,v1,transition
IMG_3510.MOV,1380,fastaipose,v1,transition
IMG_3510.MOV,1381,fastaipose,v1,transition
IMG_3510.MOV,1382,fastaipose,v1,transition
IMG_3510.MOV,1383,fastaipose,v1,transition
IMG_3510.MOV,1384,fastaipose,v1,transition
IMG_3510.MOV,1385,fastaipose,v1,transition
IMG_3510.MOV,1386,fastaipose,v1,transition
IMG_3510.MOV,1387,fastaipose,v1,transition
IMG_3510.MOV,1388,fastaipose,v1,transition
IMG_3510.MOV,1389,fastaipose,v1,transition
IMG_3510.MOV,1390,fastaipose,v1,transition
IMG_3510.MOV,1391,fastaipose,v1,squat
IMG_3510.MOV,1392,fastaipose,v1,squat
IMG_3510.MOV,1393,fastaipose,v1,squat
IMG_3510.MOV,1394,fastaipose,v1,transition
IMG_3510.MOV,1395,fastaipose,v1,transition
IMG_3510.MOV,1396,fastaipose,v1,transition
IMG_3510.MOV,1397,fastaipose,v1,transition
IMG_3510.MOV,1398,fastaipose,v1,transition
IMG_3510.MOV,1399,fastaipose,v1,transition
IMG_3510.MOV,1400,fastaipose,v1,transition
IMG_3510.MOV,1401,fastaipose,v1,transition
IMG_3510.MOV,1402,fastaipose,v1,transition
IMG_3510.MOV,1403,fastaipose,v1,transition
IMG_3510.MOV,1404,fastaipose,v1,jump_peak
IMG_3510.MOV,1405,fastaipose,v1,jump_peak
IMG_3510.MOV,1406,fastaipose,v1,jump_peak
IMG_3510.MOV,1407,fastaipose,v1,jump_peak
IMG_3510.MOV,1408,fastaipose,v1,jump_peak
IMG_3510.MOV,1409,fastaipose,v1,jump_peak
IMG_3510.MOV,1410,fastaipose,v1,jump_peak
IMG_3510.MOV,1411,fastaipose,v1,jump_peak
IMG_3510.MOV,1412,fastaipose,v1,jump_peak
IMG_3510.MOV,1413,fastaipose,v1,jump_peak
IMG_3510.MOV,1414,fastaipose,v1,transition
IMG_3510.MOV,1415,fastaipose,v1,transition
IMG_3510.MOV,1416,fastaipose,v1,landing
IMG_3510.MOV,1417,fastaipose,v1,landing
IMG_3510.MOV,1418,fastaipose,v1,landing
IMG_3510.MOV,1419,fastaipose,v1,landing
IMG_3510.MOV,1420,fastaipose,v1,landing
IMG_3510.MOV,1421,fastaipose,v1,landing
IMG_3510.MOV,1422,fastaipose,v1,landing
IMG_3510.MOV,1423,fastaipose,v1,landing
IMG_3510.MOV,1424,fastaipose,v1,landing
IMG_3510.MOV,1425,fastaipose,v1,landing
IMG_3510.MOV,1426,fastaipose,v1,transition
IMG_3510.MOV,1427,fastaipose,v1,transition
IMG_3510.MOV,1428,fastaipose,v1,transition
IMG_3510.MOV,1429,fastaipose,v1,transition
IMG_3510.MOV,1430,fastaipose,v1,transition
IMG_3510.MOV,1431,fastaipose,v1,transition
IMG_3510.MOV,1432,fastaipose,v1,transition
IMG_3510.MOV,1433,fastaipose,v1,transition
IMG_3510.MOV,1434,fastaipose,v1,transition
IMG_3510.MOV,1435,fastaipose,v1,transition
IMG_3510.MOV,1436,fastaipose,v1,transition
IMG_3510.MOV,1437,fastaipose,v1,transition
IMG_3510.MOV,1438,fastaipose,v1,transition
IMG_3510.MOV,1439,fastaipose,v1,transition
IMG_3510.MOV,1440,fastaipose,v1,transition
IMG_3510.MOV,1441,fastaipose,v1,transition
IMG_3510.MOV,1442,fastaipose,v1,squat
IMG_3510.MOV,1443,fastaipose,v1,squat
IMG_3510.MOV,1444,fastaipose,v1,squat
IMG_3510.MOV,1445,fastaipose,v1,squat
IMG_3510.MOV,1446,fastaipose,v1,transition
IMG_3510.MOV,1447,fastaipose,v1,transition
IMG_3510.MOV,1448,fastaipose,v1,transition
IMG_3510.MOV,1449,fastaipose,v1,transition
IMG_3510.MOV,1450,fastaipose,v1,transition
IMG_3510.MOV,1451,fastaipose,v1,transition
IMG_3510.MOV,1452,fastaipose,v1,transition
IMG_3510.MOV,1453,fastaipose,v1,transition
IMG_3510.MOV,1454,fastaipose,v1,transition
IMG_3510.MOV,1455,fastaipose,v1,transition
IMG_3510.MOV,1456,fastaipose,v1,transition
IMG_3510.MOV,1457,fastaipose,v1,jump_peak
IMG_3510.MOV,1458,fastaipose,v1,jump_peak
IMG_3510.MOV,1459,fastaipose,v1,jump_peak
IMG_3510.MOV,1460,fastaipose,v1,jump_peak
IMG_3510.MOV,1461,fastaipose,v1,jump_peak
IMG_3510.MOV,1462,fastaipose,v1,jump_peak
IMG_3510.MOV,1463,fastaipose,v1,jump_peak
IMG_3510.MOV,1464,fastaipose,v1,jump_peak
IMG_3510.MOV,1465,fastaipose,v1,transition
IMG_3510.MOV,1466,fastaipose,v1,transition
IMG_3510.MOV,1467,fastaipose,v1,transition
IMG_3510.MOV,1468,fastaipose,v1,landing
IMG_3510.MOV,1469,fastaipose,v1,landing
IMG_3510.MOV,1470,fastaipose,v1,landing
IMG_3510.MOV,1471,fastaipose,v1,landing
IMG_3510.MOV,1472,fastaipose,v1,landing
IMG_3510.MOV,1473,fastaipose,v1,landing
IMG_3510.MOV,1474,fastaipose,v1,transition
IMG_3510.MOV,1475,fastaipose,v1,transition
IMG_3510.MOV,1476,fastaipose,v1,squat
IMG_3510.MOV,1477,fastaipose,v1,squat
IMG_3510.MOV,1478,fastaipose,v1,transition
IMG_3510.MOV,1479,fastaipose,v1,transition
IMG_3510.MOV,1480,fastaipose,v1,transition
IMG_3510.MOV,1481,fastaipose,v1,transition
IMG_3510.MOV,1482,fastaipose,v1,transition
IMG_3510.MOV,1483,fastaipose,v1,transition
IMG_3510.MOV,1484,fastaipose,v1,transition
IMG_3510.MOV,1485,fastaipose,v1,transition
IMG_3510.MOV,1486,fastaipose,v1,transition
IMG_3510.MOV,1487,fastaipose,v1,transition
IMG_3510.MOV,1488,fastaipose,v1,transition
IMG_3510.MOV,1489,fastaipose,v1,transition
IMG_3510.MOV,1490,fastaipose,v1,transition
IMG_3510.MOV,1491,fastaipose,v1,transition
IMG_3510.MOV,1492,fastaipose,v1,transition
IMG_3510.MOV,1493,fastaipose,v1,transition
IMG_3510.MOV,1494,fastaipose,v1,transition
IMG_3510.MOV,1495,fastaipose,v1,transition
IMG_3510.MOV,1496,fastaipose,v1,transition
IMG_3510.MOV,1497,fastaipose,v1,transition
IMG_3510.MOV,1498,fastaipose,v1,transition
IMG_3510.MOV,1499,fastaipose,v1,transition
IMG_3510.MOV,1500,fastaipose,v1,transition
IMG_3510.MOV,1501,fastaipose,v1,transition
IMG_3510.MOV,1502,fastaipose,v1,transition
IMG_3510.MOV,1503,fastaipose,v1,transition
IMG_3510.MOV,1504,fastaipose,v1,transition
IMG_3510.MOV,1505,fastaipose,v1,transition
IMG_3510.MOV,1506,fastaipose,v1,transition
IMG_3510.MOV,1507,fastaipose,v1,transition
IMG_3510.MOV,1508,fastaipose,v1,transition
IMG_3510.MOV,1509,fastaipose,v1,transition
IMG_3510.MOV,1510,fastaipose,v1,transition
IMG_3510.MOV,1511,fastaipose,v1,transition
IMG_3510.MOV,1512,fastaipose,v1,transition
IMG_3510.MOV,1513,fastaipose,v1,transition
IMG_3510.MOV,1514,fastaipose,v1,transition
IMG_3510.MOV,1515,fastaipose,v1,transition
IMG_3510.MOV,1516,fastaipose,v1,transition
IMG_3510.MOV,1517,fastaipose,v1,transition
IMG_3510.MOV,1518,fastaipose,v1,transition
IMG_3510.MOV,1519,fastaipose,v1,transition
IMG_3510.MOV,1520,fastaipose,v1,transition
IMG_3510.MOV,1521,fastaipose,v1,transition
IMG_3510.MOV,1522,fastaipose,v1,transition
IMG_3510.MOV,1523,fastaipose,v1,transition
IMG_3510.MOV,1524,fastaipose,v1,transition
IMG_3510.MOV,1525,fastaipose,v1,transition
IMG_3510.MOV,1526,fastaipose,v1,transition
IMG_3510.MOV,1527,fastaipose,v1,transition
IMG_3510.MOV,1528,fastaipose,v1,transition
IMG_3510.MOV,1529,fastaipose,v1,transition
IMG_3510.MOV,1530,fastaipose,v1,transition
IMG_3510.MOV,1531,fastaipose,v1,transition
IMG_3510.MOV,1532,fastaipose,v1,transition
IMG_3510.MOV,1533,fastaipose,v1,transition
IMG_3510.MOV,1534,fastaipose,v1,transition
IMG_3510.MOV,1535,fastaipose,v1,transition
IMG_3510.MOV,1536,fastaipose,v1,transition
IMG_3510.MOV,1537,fastaipose,v1,transition
IMG_3510.MOV,1538,fastaipose,v1,transition
IMG_3510.MOV,1539,fastaipose,v1,transition
IMG_3510.MOV,1540,fastaipose,v1,transition
IMG_3510.MOV,1541,fastaipose,v1,transition
IMG_3510.MOV,1542,fastaipose,v1,transition
IMG_3510.MOV,1543,fastaipose,v1,transition
IMG_3510.MOV,1544,fastaipose,v1,transition
IMG_3510.MOV,1545,fastaipose,v1,transition
IMG_3510.MOV,1546,fastaipose,v1,transition
IMG_3510.MOV,1547,fastaipose,v1,transition
IMG_3510.MOV,1548,fastaipose,v1,transition
IMG_3510.MOV,1549,fastaipose,v1,transition
IMG_3510.MOV,1550,fastaipose,v1,transition
IMG_3510.MOV,1551,fastaipose,v1,transition
IMG_3510.MOV,1552,fastaipose,v1,transition
IMG_3510.MOV,1553,fastaipose,v1,transition
IMG_3510.MOV,1554,fastaipose,v1,transition
IMG_3510.MOV,1555,fastaipose,v1,transition
IMG_3510.MOV,1556,fastaipose,v1,transition
IMG_3510.MOV,1557,fastaipose,v1,transition